Reg No,name,City,address,zip,email,mobile no,blood group
8,Leota,Surat,7 W Jackson Blvd,95111,leota@hotmail.com,408-752-3500,A-
16,Mattie,Thane,73 State Road 434 E,85013,mattie@aol.com,602-277-4385,A-
24,Maryann,Agra,74 S Westgate St,12204,mroyster@royster.com,518-966-7987,A-
32,Francine,Varanasi,366 South Dr,88011,francine_vocelka@vocelka.com,505-977-3911,A-
40,Kati,Howrah,6980 Dorsett Rd,67410,kati.rulapaugh@hotmail.com,785-463-7829,A-
48,Kanisha,Kota,5 Tomahawk Dr,90006,kanisha_waycott@yahoo.com,323-453-2780,A-
56,Tonette,Kolkata,4545 Courthouse Rd,11590,twenner@aol.com,516-968-6051,A-
64,Carmelina,Indore,2664 Lewis Rd,80126,carmelina_lindall@lindall.com,303-724-7371,A-
72,Johnetta,Ludhiana,1088 Pinehurst St,27514,johnetta_abdallah@aol.com,919-225-9345,A-
80,Elza,Solapur,6794 Lake Dr E,7104,elza@yahoo.com,973-927-3447,A-
88,Lai,Ranchi,37 Alabama Ave,60201,lai.gato@gato.org,847-728-7286,A-
96,Carma,Raipur,68556 Central Hwy,94577,carma@cox.net,510-503-7169,A-
104,Cyndy,Ahmedabad,170 Wyoming Ave,55337,cgoldammer@cox.net,952-334-9408,A-
112,Sue,Nagpur,2 Se 3rd Ave,75149,sue@aol.com,972-666-3413,A-
120,Oretha,Ghaziabad,8 County Center Dr #647,2210,oretha_menter@yahoo.com,617-418-5043,A-
128,Van,Salem,90131 J St,8867,van.shire@shire.com,908-409-2890,A-
136,Beatriz,Allahabad,481 W Lemon St,2346,beatriz@yahoo.com,508-584-4279,A-
144,Audra,Madurai,134 Lewis Rd,37211,audra@kohnert.com,615-406-7854,A-
152,Carissa,Hyderabad,12270 Caton Center Dr,97401,carissa.batman@yahoo.com,541-326-4074,A-
160,Carin,Kanpur,1844 Southern Blvd,72202,cdeleo@deleo.com,501-308-1040,A-
168,Evangelina,Vadodara,992 Civic Center Dr,19123,evangelina@aol.com,215-964-3284,A-
176,Layla,Bhubaneshwar,229 N Forty Driv,10011,layla.springe@cox.net,212-260-3151,A-
184,Claribel,Trivendram,6 Harry L Dr #6327,43551,claribel_varriano@cox.net,419-544-4900,A-
192,Lemuel,Jodhpur,70 Euclid Ave #722,11716,lemuel.latzke@gmail.com,631-748-6479,A-
200,Jolanda,Bangalore,37855 Nolan Rd,4401,jhanafan@gmail.com,207-458-9196,A-
208,Aliza,Lucknow,1128 Delaware St,95132,aliza@aol.com,408-504-3552,A-
216,Glen,Patna,8739 Hudson St,98070,glen_bartolet@hotmail.com,206-697-5796,A-
224,Tracey,Rajkot,77132 Coon Rapids Blvd Nw,77301,tracey@hotmail.com,936-264-9294,A-
232,Eladia,Amritsar,3958 S Dupont Hwy #7,7446,eladia@saulter.com,201-474-4924,A-
240,Alex,Vijayawada,37 N Elm St #916,98409,alex@loader.com,253-660-7821,A-
248,Daron,Chennai,18 Waterloo Geneva Rd,60035,daron_dinos@cox.net,847-233-3075,A-
256,Dottie,Cochin,67 E Chestnut Hill Rd,98133,dottie@hellickson.org,206-540-6076,A-
264,Stevie,Noida,26659 N 13th St,92626,stevie.westerbeck@yahoo.com,949-867-4077,A-
272,Joseph,Meerut,60 Fillmore Ave,92647,joseph_cryer@cox.net,714-584-2237,A-
280,Garry,Dhanbad,5 Green Pond Rd #4,18966,garry_keetch@hotmail.com,215-979-8776,A-
288,Casie,Gwalior,5221 Bear Valley Rd,37211,casie.good@aol.com,615-390-2251,A-
296,Judy,Delhi,8977 Connecticut Ave Nw #3,49120,jaquas@aquas.com,269-756-7222,A-
304,Olive,Jaipur,13252 Lighthouse Ave,92234,olive@aol.com,760-938-6069,A-
312,Erinn,Visakhapatnam,13 S Hacienda Dr,7039,erinn.canlas@canlas.com,973-767-3008,A-
320,Caitlin,Faridabad,5 Williams St,2919,caitlin.julia@julia.org,401-948-4982,A-
328,Jerry,Aurangabad,393 Lafayette Ave,23219,jerry.dallen@yahoo.com,804-762-9576,A-
336,Corinne,Jabalpur,4 Carroll St,2760,corinne@loder.org,508-942-4186,A-
344,Lavonna,Mumbai,5 Cabot Rd,22102,lavonna.wolny@hotmail.com,703-483-1970,A-
352,Weldon,Pune,73 W Barstow Ave,60004,wacuff@gmail.com,847-353-2156,A-
360,Venita,Bhopal,72119 S Walker Ave #63,92801,venita_maillard@gmail.com,714-523-6653,A-
368,Wynell,Nashik,94290 S Buchanan St,94044,wynell_dorshorst@dorshorst.org,650-473-1262,A-
376,Paz,Srinagar,919 Wall Blvd,39307,paz_sahagun@cox.net,601-927-8287,A-
384,Ciara,Coimbatore,53 W Carey St,12771,cventura@yahoo.com,845-823-8877,A-
392,Lashandra,Guwahati,810 N La Brea Ave,19406,lashandra@yahoo.com,610-809-1818,A-
400,Sharee,Surat,2094 Montour Blvd,49442,sharee_maile@aol.com,231-467-9978,A-
408,Vilma,Thane,79 S Howell Ave,49546,vberlanga@berlanga.com,616-737-3085,A-
416,Ettie,Agra,39 Franklin Ave,99352,ettie.hoopengardner@hotmail.com,509-755-5393,A-
424,Keneth,Varanasi,86350 Roszel Rd,85012,keneth@yahoo.com,602-919-4211,A-
432,Luisa,Howrah,25 Se 176th Pl,2138,ljurney@hotmail.com,617-365-2134,A-
440,Quentin,Kota,278 Bayview Ave,48160,quentin_swayze@yahoo.com,734-561-6170,A-
448,Britt,Kolkata,2500 Pringle Rd Se #508,19440,britt@galam.org,215-888-3304,A-
456,Alline,Indore,55713 Lake City Hwy,46601,ajeanty@gmail.com,574-656-2800,A-
464,Tegan,Ludhiana,62260 Park Stre,8831,tegan.arceo@arceo.org,732-730-2692,A-
472,Sharen,Solapur,62 W Austin St,11791,sbourbon@yahoo.com,516-816-1541,A-
480,Refugia,Ranchi,2184 Worth St,94545,refugia.jacobos@jacobos.com,510-974-8671,A-
488,Gail,Raipur,62 Monroe St,92276,gail_similton@similton.com,760-616-5388,A-
496,Brittni,Ahmedabad,67 Rv Cent,83709,bgillaspie@gillaspie.com,208-709-1235,A-
7,Mitsue,Kolkata,7 Eads St,60632,mitsue_tollner@yahoo.com,773-573-6914,A+
15,Cammy,Indore,56 E Morehead St,78045,calbares@gmail.com,956-537-6195,A+
23,Willard,Ludhiana,618 W Yakima Ave,75062,willard@hotmail.com,972-303-9197,A+
31,Ammie,Solapur,74874 Atlantic Ave,43215,ammie@corrio.com,614-801-9788,A+
39,Valentine,Ranchi,775 W 17th St,78204,valentine_gillian@gmail.com,210-812-9597,A+
47,Jina,Raipur,38938 Park Blvd,2128,jina_briddick@briddick.com,617-399-5124,A+
55,Karl,Ahmedabad,76 Brooks St #9,8822,karl_klonowski@yahoo.com,908-877-6135,A+
63,Cecily,Nagpur,59 N Groesbeck Hwy,78731,cecily@hollack.org,512-486-3817,A+
71,Kallie,Ghaziabad,701 S Harrison Rd,94104,kallie.blackwood@gmail.com,415-315-2761,A+
79,Viva,Salem,4284 Dorigo Ln,60647,viva.toelkes@gmail.com,773-446-5569,A+
87,Stephaine,Allahabad,47154 Whipple Ave Nw,90247,stephaine@barfield.com,310-774-7643,A+
95,Elvera,Madurai,99385 Charity St #840,95110,elvera.benimadho@cox.net,408-703-8505,A+
103,Angella,Hyderabad,185 Blackstone Bldge,96817,angella.cetta@hotmail.com,808-892-7943,A+
111,Edna,Kanpur,555 Main St,16502,emiceli@miceli.org,814-460-2655,A+
119,Scarlet,Vadodara,9390 S Howell Ave,31701,scarlet.cartan@yahoo.com,229-735-3378,A+
127,Talia,Bhubaneshwar,1 N Harlem Ave #9,7050,talia_riopelle@aol.com,973-245-2133,A+
135,Becky,Trivendram,30553 Washington Rd,7062,becky.mirafuentes@mirafuentes.com,908-877-8409,A+
143,Bulah,Jodhpur,8927 Vandever Ave,76707,bulah_padilla@hotmail.com,254-463-4368,A+
151,Laticia,Bangalore,72 Mannix Dr,45203,lmerced@gmail.com,513-508-7371,A+
159,Gregoria,Lucknow,455 N Main Ave,11530,gpawlowicz@yahoo.com,516-212-1915,A+
167,Fannie,Patna,17 Us Highway 111,78664,fannie.lungren@yahoo.com,512-587-5746,A+
175,Nana,Rajkot,6 Van Buren St,10553,nana@aol.com,914-855-2115,A+
183,Junita,Amritsar,6 S Broadway St,7009,jbrideau@aol.com,973-943-3423,A+
191,Jettie,Vijayawada,50 E Wacker Dr,8807,jmconnell@hotmail.com,908-802-3564,A+
199,Gracia,Chennai,97 Airport Loop Dr,32216,gracia@melnyk.com,904-235-3633,A+
207,Norah,Cochin,6 Middlegate Rd #106,94107,norah.waymire@gmail.com,415-306-7897,A+
215,Frederica,Noida,99586 Main St,75207,frederica_blunk@gmail.com,214-428-2285,A+
223,Nicolette,Meerut,1 Midway Rd,1581,nicolette_brossart@brossart.com,508-837-9230,A+
231,Justine,Dhanbad,38062 E Main St,10048,jmugnolo@yahoo.com,212-304-9225,A+
239,Rickie,Gwalior,3 N Groesbeck Hwy,43613,rickie.plumer@aol.com,419-693-1334,A+
247,Marvel,Delhi,9 Vanowen St,77840,mraymo@yahoo.com,979-718-8968,A+
255,Carey,Jaipur,87393 E Highland Rd,46220,carey_dopico@dopico.org,317-578-2453,A+
263,Geoffrey,Visakhapatnam,7 West Ave #1,60067,geoffrey@gmail.com,847-222-1734,A+
271,Haydee,Faridabad,25346 New Rd,10016,hdenooyer@denooyer.org,212-792-8658,A+
279,Salome,Aurangabad,9677 Commerce Dr,23219,slacovara@gmail.com,804-550-5097,A+
287,Herminia,Jabalpur,4 58th St #3519,85254,herminia@nicolozakes.org,602-954-5141,A+
295,Lucy,Mumbai,57254 Brickell Ave #372,1602,lucy@cox.net,508-769-5250,A+
303,Renea,Pune,26 Montgomery St,30328,renea@hotmail.com,770-679-4752,A+
311,Raina,Bhopal,3829 Ventura Blvd,59701,raina.brachle@brachle.org,406-318-1515,A+
319,Jesusita,Nashik,3943 N Highland Ave,17601,jesusita.flister@hotmail.com,717-885-9118,A+
327,Derick,Srinagar,87163 N Main Ave,10013,ddhamer@cox.net,212-304-4515,A+
335,Tarra,Coimbatore,39 Moccasin Dr,94104,tarra.nachor@cox.net,415-411-1775,A+
343,Nobuko,Guwahati,8139 I Hwy 10 #92,2745,nobuko.halsey@yahoo.com,508-855-9887,A+
351,Kristofer,Surat,772 W River Dr,47404,kristofer.bennick@yahoo.com,812-368-1511,A+
359,Elouise,Thane,9506 Edgemore Ave,20710,egwalthney@yahoo.com,301-841-5012,A+
367,Paris,Agra,187 Market St,30342,paris@hotmail.com,404-505-4445,A+
375,Serina,Varanasi,7 S Beverly Dr,46802,szagen@aol.com,260-273-3725,A+
383,Mitsue,Howrah,77 222 Dr,95965,mscipione@scipione.com,530-986-9272,A+
391,Glenn,Kota,29 Cherry St #7073,50315,gberray@gmail.com,515-370-7348,A+
399,Sylvie,Kolkata,649 Tulane Ave,74105,sylvie@aol.com,918-644-9555,A+
407,Arthur,Indore,28 S 7th St #2824,7631,arthur.farrow@yahoo.com,201-238-5688,A+
415,Janine,Ludhiana,92 Broadway,11103,jrhoden@yahoo.com,718-228-5894,A+
423,Jolene,Solapur,1610 14th St Nw,23608,jolene@yahoo.com,757-682-7116,A+
431,Antione,Ranchi,4 S Washington Ave,92410,aonofrio@onofrio.com,909-430-7765,A+
439,Stephane,Raipur,9 Tower Ave,41005,stephane_myricks@cox.net,859-717-7638,A+
447,Cassi,Ahmedabad,26849 Jefferson Hwy,60008,cassi.wildfong@aol.com,847-633-3216,A+
455,Elli,Nagpur,6 Sunrise Ave,13501,emclaird@mclaird.com,315-818-2638,A+
463,Izetta,Ghaziabad,2 W Scyene Rd #3,21217,idewar@dewar.com,410-473-1708,A+
471,Jess,Salem,18 3rd Ave,10016,jess.chaffins@chaffins.org,212-510-4633,A+
479,Alpha,Allahabad,43496 Commercial Dr #29,8003,alpha@yahoo.com,856-312-2629,A+
487,Dorothy,Madurai,469 Outwater Ln,92126,dorothy@cox.net,858-617-7834,A+
495,Lai,Hyderabad,1933 Packer Ave #2,94945,lai@gmail.com,415-423-3294,A+
6,Simona,Ahmedabad,3 Mcauley Dr,44805,simona@morasca.com,419-503-2484,AB -
14,Graciela,Nagpur,98 Connecticut Ave Nw,44023,gruta@cox.net,440-780-8425,AB -
22,Veronika,Ghaziabad,6 Greenleaf Ave,95111,vinouye@aol.com,408-540-1785,AB -
30,Bernardo,Salem,386 9th Ave N,77301,bfigeroa@aol.com,936-336-3951,AB -
38,Rozella,Allahabad,17 Morena Blvd,93012,rozella.ostrosky@ostrosky.com,805-832-6163,AB -
46,Fatima,Madurai,2 Lighthouse Ave,55343,fsaylors@saylors.org,952-768-2416,AB -
54,Marjory,Hyderabad,71 San Mateo Ave,19087,mmastella@mastella.com,610-814-5533,AB -
62,Jamal,Kanpur,53075 Sw 152nd Ter #615,8831,jamal@vanausdal.org,732-234-1546,AB -
70,Vallie,Vadodara,74 W College St,83707,vmondella@mondella.com,208-862-5339,AB -
78,Delisa,Bhubaneshwar,47565 W Grand Ave,7105,delisa.crupi@crupi.com,973-354-2040,AB -
86,Myra,Trivendram,461 Prospect Pl #316,76040,mmunns@cox.net,817-914-7518,AB -
94,Wilda,Jodhpur,1747 Calle Amanecer #2,99501,wilda@cox.net,907-870-5536,AB -
102,Louisa,Bangalore,524 Louisiana Ave Nw,94577,louisa@cronauer.com,510-828-7047,AB -
110,Tiffiny,Lucknow,32860 Sierra Rd,33133,tiffiny_steffensmeier@cox.net,305-385-9695,AB -
118,Brandon,Patna,7 Benton Dr,96819,brandon_callaro@hotmail.com,808-215-6832,AB -
126,Rory,Rajkot,83 County Road 437 #8581,18411,rpapasergi@cox.net,570-867-7489,AB -
134,Thurman,Amritsar,9387 Charcot Ave,8201,thurman.manno@yahoo.com,609-524-3586,AB -
142,Sheridan,Vijayawada,2409 Alabama Rd,92501,sheridan.zane@zane.com,951-645-3605,AB -
150,Cheryl,Chennai,92 Main St,8401,cheryl@haroldson.org,609-518-7697,AB -
158,Lizette,Cochin,501 N 19th Ave,8002,lizette.stem@aol.com,856-487-5412,AB -
166,Dorthy,Noida,9635 S Main St,83704,dhidvegi@yahoo.com,208-649-2373,AB -
174,Sylvia,Meerut,287 Youngstown Warren Rd,21074,sylvia_cousey@cousey.org,410-209-9545,AB -
182,Carmela,Dhanbad,9 Murfreesboro Rd,60623,ccookey@cookey.org,773-494-4195,AB -
190,Georgene,Gwalior,98 University Dr,94583,gmontezuma@cox.net,925-615-5185,AB -
198,Belen,Delhi,5384 Southwyck Blvd,30135,belen_strassner@aol.com,770-507-8791,AB -
206,Marge,Jaipur,189 Village Park Rd,32536,marge@gmail.com,850-430-1663,AB -
214,Rebecka,Visakhapatnam,2026 N Plankinton Ave #3,78754,rgesick@gesick.org,512-213-8574,AB -
222,Cristy,Faridabad,3989 Portage Tr,92025,cristy@lother.com,760-971-4322,AB -
230,Ressie,Aurangabad,23 Palo Alto Sq,33134,ressie.auffrey@yahoo.com,305-604-8981,AB -
238,Katina,Jabalpur,5 Little River Tpke,1887,katina_polidori@aol.com,978-626-2978,AB -
246,Peggie,Mumbai,9 N 14th St,92020,peggie@cox.net,619-608-1763,AB -
254,Heike,Pune,3 Railway Ave #75,7424,heike@gmail.com,973-936-5095,AB -
262,Charlene,Bhopal,985 E 6th Ave,95407,charlene.hamilton@hotmail.com,707-300-1771,AB -
270,Jerry,Nashik,77 Massillon Rd #822,32937,jzurcher@zurcher.org,321-518-5938,AB -
278,Terrilyn,Srinagar,3718 S Main St,70130,terrilyn.rodeigues@cox.net,504-463-4384,AB -
286,Junita,Coimbatore,94 W Dodge Rd,89701,junita@aol.com,775-638-9963,AB -
294,Sarah,Guwahati,45 2nd Ave #9759,30328,sarah.candlish@gmail.com,770-732-1194,AB -
302,Jenelle,Surat,3211 E Northeast Loop,33619,jregusters@regusters.com,813-932-8715,AB -
310,Amie,Thane,596 Santa Maria Ave #7913,75150,amie.perigo@yahoo.com,972-419-7946,AB -
318,Hermila,Agra,1 Rancho Del Mar Shopping C,2903,hermila_thyberg@hotmail.com,401-893-4882,AB -
326,Adelina,Varanasi,80 Pittsford Victor Rd #9,44103,adelina_nabours@gmail.com,216-230-4892,AB -
334,Winfred,Howrah,201 Ridgewood Rd,83843,winfred_brucato@hotmail.com,208-252-4552,AB -
342,Ernest,Kota,94 Chase Rd,20785,ernest@cox.net,301-998-9644,AB -
350,Margart,Kolkata,868 State St #38,45251,margart_meisel@yahoo.com,513-617-2362,AB -
358,Vincenza,Indore,395 S 6th St #2,92020,vzepp@gmail.com,619-603-5125,AB -
366,Linn,Ludhiana,1 S Pine St,38112,linn_paa@paa.com,901-412-4381,AB -
374,Zona,Solapur,49440 Dearborn St,6854,zona@hotmail.com,203-461-1949,AB -
382,Jennie,Ranchi,63728 Poway Rd #1,18509,jennie@cox.net,570-218-4831,AB -
390,Lizbeth,Raipur,35433 Blake St #588,90248,lizbeth@yahoo.com,310-699-1222,AB -
398,Levi,Ahmedabad,2094 Ne 36th Ave,1603,levi.munis@gmail.com,508-456-4907,AB -
406,Hubert,Nagpur,95 Main Ave #2,44203,hubert@walthall.org,330-903-1345,AB -
414,Nichelle,Ghaziabad,72 Beechwood Ter,60657,nichelle_meteer@meteer.com,773-225-9985,AB -
422,Virgie,Salem,76598 Rd  I 95 #1,80216,vkiel@hotmail.com,303-776-7548,AB -
430,Selma,Allahabad,9 State Highway 57 #22,7306,selma.husser@cox.net,201-991-8369,AB -
438,Caprice,Madurai,90177 N 55th Ave,37211,caprice@aol.com,615-246-1824,AB -
446,Daniel,Hyderabad,11360 S Halsted St,92705,dperruzza@perruzza.com,714-771-3880,AB -
454,Kenneth,Kanpur,2167 Sierra Rd,48823,kenneth.grenet@grenet.org,517-499-2322,AB -
462,Nan,Vadodara,88827 Frankford Ave,27401,nan@koppinger.com,336-370-5333,AB -
470,Ryan,Bhubaneshwar,13 Gunnison St,75075,ryan@cox.net,972-558-1665,AB -
478,Rasheeda,Trivendram,251 Park Ave #979,95070,rasheeda@aol.com,408-805-4309,AB -
486,Loren,Jodhpur,6 Ridgewood Center Dr,18518,loren.asar@aol.com,570-648-3035,AB -
494,Alesia,Bangalore,9 Front St,20001,alesia_hixenbaugh@hixenbaugh.org,202-646-7516,AB -
5,Donette,Hyderabad,34 Center St,45011,donette.foller@cox.net,513-570-1893,AB +
13,Kiley,Kanpur,25 E 75th St #69,90034,kiley.caldarera@aol.com,310-498-5651,AB +
21,Bette,Vadodara,6 S 33rd St,19014,bette_nicka@cox.net,610-545-3615,AB +
29,Willow,Bhubaneshwar,90991 Thorburn Ave,10011,wkusko@yahoo.com,212-582-4976,AB +
37,Jose,Trivendram,128 Bransten Rd,10011,jose@yahoo.com,212-675-8570,AB +
45,Erick,Jodhpur,20 S Babcock St,99712,erick.ferencz@aol.com,907-741-1044,AB +
53,Sabra,Bangalore,98839 Hawthorne Blvd #6101,29201,sabra@uyetake.org,803-925-5213,AB +
61,Blondell,Lucknow,201 Hawk Ct,2904,bpugh@aol.com,401-960-8259,AB +
69,Ilene,Patna,2853 S Central Expy,21061,ilene.eroman@hotmail.com,410-914-9018,AB +
77,Laurel,Rajkot,6 Kains Ave,21215,laurel_reitler@reitler.com,410-520-4832,AB +
85,Lettie,Amritsar,70 W Main St,44122,lettie_isenhower@yahoo.com,216-657-7668,AB +
93,Danica,Vijayawada,840 15th Ave,76708,danica_bruschke@gmail.com,254-782-8569,AB +
101,Alease,Chennai,4 Webbs Chapel Rd,80303,alease@buemi.com,303-301-4946,AB +
109,Donte,Cochin,3 Aspen St,1602,dkines@hotmail.com,508-429-8576,AB +
117,Shawna,Noida,5 N Cleveland Massillon Rd,91362,shawna_palaspas@palaspas.org,805-275-3566,AB +
125,Herman,Meerut,9 Norristown Rd,12180,hdemesa@cox.net,518-497-2940,AB +
133,Kimbery,Dhanbad,798 Lund Farm Way,7866,kimbery_madarang@cox.net,973-310-1634,AB +
141,Melissa,Gwalior,61 13 Stoneridge #835,45840,melissa@cox.net,419-939-3613,AB +
149,Theola,Delhi,54169 N Main St,11758,theola_frey@frey.com,516-948-5768,AB +
157,Yolando,Jaipur,422 E 21st St,13214,yolando@cox.net,315-304-4759,AB +
165,Kerry,Visakhapatnam,6916 W Main St,95827,kerry.theodorov@gmail.com,916-591-3277,AB +
173,Eun,Faridabad,84 Bloomfield Ave,29301,eun@yahoo.com,864-256-3620,AB +
181,Marguerita,Aurangabad,82 N Highway 67,94561,marguerita.hiatt@gmail.com,925-634-7158,AB +
189,Merlyn,Jabalpur,4671 Alemany Blvd,7304,merlyn_lawler@hotmail.com,201-588-7810,AB +
197,Felicidad,Mumbai,9939 N 14th St,8077,fpoullion@poullion.com,856-305-9731,AB +
205,Ronny,Pune,73 Southern Blvd,19103,ronny.caiafa@caiafa.org,215-605-7570,AB +
213,Beckie,Bhopal,7116 Western Ave,48126,beckie.silvestrini@silvestrini.com,313-533-4884,AB +
221,Avery,Nashik,93 Redmond Rd #492,32803,avery@cox.net,407-808-9439,AB +
229,Leonida,Srinagar,5 Elmwood Park Blvd,39530,leonida@gobern.org,228-235-5615,AB +
237,Taryn,Coimbatore,48 Lenox St,22030,taryn.moyd@hotmail.com,703-322-4041,AB +
245,Lorrine,Guwahati,8 Fair Lawn Ave,33614,lorrine.worlds@worlds.com,813-769-2939,AB +
253,Alyce,Surat,3196 S Rider Trl,95207,alyce@arias.org,209-317-1801,AB +
261,Jade,Thane,6882 Torresdale Ave,29201,jade.farrar@yahoo.com,803-352-5387,AB +
269,Dalene,Agra,66552 Malone Rd,3865,dalene.riden@aol.com,603-315-6839,AB +
277,Detra,Varanasi,96950 Hidden Ln,21001,detra@aol.com,410-739-9277,AB +
285,Lavonda,Howrah,87 Imperial Ct #79,58102,lavonda@cox.net,701-898-2154,AB +
293,Raul,Kota,4 E Colonial Dr,91942,rupthegrove@yahoo.com,619-509-5282,AB +
301,Kristeen,Kolkata,70099 E North Ave,76013,kristeen@gmail.com,817-213-8851,AB +
309,Fabiola,Indore,8573 Lincoln Blvd,17404,fabiola.hauenstein@hauenstein.org,717-809-3119,AB +
317,Barbra,Ludhiana,4 Kohler Memorial Dr,11230,badkin@hotmail.com,718-201-3751,AB +
325,Justine,Solapur,48 Stratford Ave,91768,jferrario@hotmail.com,909-993-3242,AB +
333,Leonora,Ranchi,3381 E 40th Ave,7055,leonora@yahoo.com,973-412-2995,AB +
341,Lashawnda,Raipur,7422 Martin Ave #8,43607,lstuer@cox.net,419-588-8719,AB +
349,Samira,Ahmedabad,8772 Old County Rd #5410,98032,sheintzman@hotmail.com,206-311-4137,AB +
357,Kristel,Nagpur,92899 Kalakaua Ave,79925,kristel.ehmann@aol.com,915-452-1290,AB +
365,Pete,Ghaziabad,2215 Prosperity Dr,7071,pdubaldi@hotmail.com,201-825-2514,AB +
373,Rodolfo,Salem,41 Steel Ct,55057,rodolfo@hotmail.com,507-210-3510,AB +
381,Erick,Allahabad,45 E Acacia Ct,60624,erick_nievas@aol.com,773-704-9903,AB +
389,Gertude,Madurai,7 Tarrytown Rd,45217,gertude.witten@gmail.com,513-977-7043,AB +
397,Dean,Hyderabad,2 Flynn Rd,11801,dean_ketelsen@gmail.com,516-847-4418,AB +
405,Tasia,Kanpur,4 Cowesett Ave,7032,tasia_andreason@yahoo.com,201-920-9002,AB +
413,Staci,Vadodara,18 Coronado Ave #563,91106,staci_schmaltz@aol.com,626-866-2339,AB +
421,Catarina,Bhubaneshwar,78 Maryland Dr #146,7834,catarina_gleich@hotmail.com,973-210-3994,AB +
429,Mari,Trivendram,1 Century Park E,92110,mari_lueckenbach@yahoo.com,858-793-9684,AB +
437,Joanna,Jodhpur,1 Washington St,33461,joanna_leinenbach@hotmail.com,561-470-4574,AB +
445,Josphine,Bangalore,63 Smith Ln #8343,38575,josphine_villanueva@villanueva.com,931-553-9774,AB +
453,Cristal,Lucknow,4119 Metropolitan Dr,90021,cristal@cox.net,213-975-8026,AB +
461,Leslie,Patna,2 A Kelley Dr,10536,leslie@cox.net,914-861-9748,AB +
469,Malcolm,Rajkot,747 Leonis Blvd,22003,malcolm_tromblay@cox.net,703-221-5602,AB +
477,Glory,Amritsar,5 E Truman Rd,79602,glory@yahoo.com,325-869-2649,AB +
485,Lili,Vijayawada,20113 4th Ave E,7032,lili.paskin@cox.net,201-431-2989,AB +
493,Jovita,Chennai,8 S Haven St,32114,joles@gmail.com,386-248-4118,AB +
4,Lenna,Bangalore,639 Main St,99501,lpaprocki@hotmail.com,907-385-4412,B -
12,Abel,Lucknow,37275 St  Rt 17m M,11953,amaclead@gmail.com,631-335-3414,B -
20,Fletcher,Patna,394 Manchester Blvd,61109,fletcher.flosi@yahoo.com,815-828-2147,B -
28,Ezekiel,Rajkot,2 Cedar Ave #84,21601,ezekiel@chui.com,410-669-1642,B -
36,Solange,Amritsar,426 Wolf St,70002,solange@shinko.com,504-979-9175,B -
44,Lavera,Vijayawada,678 3rd Ave,33196,lperin@perin.org,305-606-7291,B -
52,Lorrie,Chennai,39 S 7th St,37388,lnestle@hotmail.com,931-875-6644,B -
60,Deeanna,Cochin,14302 Pennsylvania Ave,19006,deeanna_juhas@gmail.com,215-211-9589,B -
68,Elly,Noida,7 W 32nd St,16502,elly_morocco@gmail.com,814-393-5571,B -
76,Moon,Meerut,74989 Brandon St,14895,moon@yahoo.com,585-866-8313,B -
84,Dominque,Dhanbad,69 Marquette Ave,94545,dominque.dickerson@dickerson.org,510-993-3758,B -
92,Cory,Gwalior,83649 W Belmont Ave,91776,cory.gibes@gmail.com,626-572-1096,B -
100,Arlene,Delhi,3 Secor Rd,70112,arlene_klusman@gmail.com,504-710-5840,B -
108,Estrella,Jaipur,64 Lakeview Ave,53511,estrella@aol.com,608-976-7199,B -
116,Glory,Visakhapatnam,55892 Jacksonville Rd,21117,gkulzer@kulzer.org,410-224-9462,B -
124,Devora,Faridabad,72868 Blackington Ave,94606,devora_perez@perez.org,510-955-3016,B -
132,Howard,Aurangabad,866 34th Ave,80231,hpaulas@gmail.com,303-623-4241,B -
140,Valentin,Jabalpur,137 Pioneer Way,60604,vklimek@klimek.org,312-303-5453,B -
148,Chau,Mumbai,429 Tiger Ln,90212,chau@gmail.com,310-560-8022,B -
156,Reita,Pune,55262 N French Rd,46240,reita.leto@gmail.com,317-234-1135,B -
164,Latrice,Bhopal,81 Norris Ave #525,11779,latrice.tolfree@hotmail.com,631-957-7624,B -
172,Irma,Nashik,9745 W Main St,7869,irma.wolfgramm@hotmail.com,973-545-7355,B -
180,Nelida,Srinagar,3 State Route 35 S,7652,nelida@gmail.com,201-971-1638,B -
188,Teri,Coimbatore,99 Tank Farm Rd,18201,tennaco@gmail.com,570-889-5187,B -
196,Andra,Guwahati,9 Church St,97302,andra@gmail.com,503-516-2189,B -
204,Fausto,Surat,5 Harrison Rd,10038,fausto_agramonte@yahoo.com,212-313-1783,B -
212,Willodean,Thane,55 Hawthorne Blvd,70506,willodean_konopacki@konopacki.org,337-253-8384,B -
220,Glendora,Agra,2140 Diamond Blvd,94928,gsarbacher@gmail.com,707-653-8214,B -
228,Earleen,Varanasi,75684 S Withlapopka Dr #32,75227,earleen_mai@cox.net,214-289-1973,B -
236,Yoko,Howrah,9122 Carpenter Ave,6511,yoko@fishburne.com,203-506-4706,B -
244,My,Kota,8 Mcarthur Ln,18954,my@hotmail.com,215-491-5633,B -
252,Benedict,Kolkata,4923 Carey Ave,63104,bsama@cox.net,314-787-1588,B -
260,Skye,Indore,25 Minters Chapel Rd #9,55401,skye_fillingim@yahoo.com,612-508-2655,B -
268,Buddy,Ludhiana,944 Gaither Dr,44136,buddy.cloney@yahoo.com,440-989-5826,B -
276,Ma,Solapur,78112 Morris Ave,6473,mlayous@hotmail.com,203-721-3388,B -
284,Carmen,Ranchi,61304 N French Rd,8873,csweigard@sweigard.com,732-941-2621,B -
292,Filiberto,Raipur,3882 W Congress St #799,90016,ftawil@hotmail.com,323-765-2528,B -
300,Tresa,Ahmedabad,22 Bridle Ln,63088,tresa_sweely@hotmail.com,314-359-9566,B -
308,Loreta,Nagpur,47857 Coney Island Ave,20735,loreta.timenez@hotmail.com,301-696-6420,B -
316,Whitley,Ghaziabad,2 S 15th St,76107,whitley.tomasulo@aol.com,817-526-4408,B -
324,France,Salem,64 Newman Springs Rd E,11219,france.buzick@yahoo.com,718-478-8504,B -
332,Kirk,Allahabad,88 15th Ave Ne,13850,kirk.herritt@aol.com,607-407-3716,B -
340,Sherita,Madurai,8 Us Highway 22,80937,sherita.saras@cox.net,719-669-1664,B -
348,Roselle,Hyderabad,8116 Mount Vernon Ave,44820,roselle.estell@hotmail.com,419-571-5920,B -
356,Audry,Kanpur,70295 Pioneer Ct,33511,audry.yaw@yaw.org,813-797-4816,B -
364,Krissy,Vadodara,8728 S Broad St,11727,krauser@cox.net,631-443-4710,B -
372,Izetta,Bhubaneshwar,82 Winsor St #54,30340,izetta.funnell@hotmail.com,770-844-3447,B -
380,Gayla,Trivendram,38 Pleasant Hill Rd,94545,gschnitzler@gmail.com,510-686-3407,B -
388,Dalene,Jodhpur,910 Rahway Ave,19102,dalene@schoeneck.org,215-268-1275,B -
396,Annelle,Bangalore,5 W 7th St,21234,annelle@yahoo.com,410-757-1035,B -
404,Teddy,Lucknow,46314 Route 130,6610,teddy_pedrozo@aol.com,203-892-3863,B -
412,Bernardine,Patna,2 W Grand Ave,38112,bernardine_rodefer@yahoo.com,901-901-4726,B -
420,Golda,Rajkot,6201 S Nevada Ave,8755,golda_kaniecki@yahoo.com,732-628-9909,B -
428,Trinidad,Amritsar,10276 Brooks St,94105,trinidad_mcrae@yahoo.com,415-331-9634,B -
436,Iluminada,Vijayawada,72 Southern Blvd,85204,iluminada.ohms@yahoo.com,480-293-2882,B -
444,Jeanice,Chennai,19 Amboy Ave,33142,jeanice.claucherty@yahoo.com,305-988-4162,B -
452,Lonna,Cochin,1482 College Ave,28301,lonna_diestel@gmail.com,910-922-3672,B -
460,Cecilia,Noida,4 Nw 12th St #3849,53717,cecilia_colaizzo@colaizzo.com,608-382-4541,B -
468,Colette,Meerut,21575 S Apple Creek Rd,68124,colette.kardas@yahoo.com,402-896-5943,B -
476,Roslyn,Dhanbad,63517 Dupont St,39211,roslyn.chavous@chavous.org,601-234-9632,B -
484,Janey,Gwalior,40 Cambridge Ave,53715,jgabisi@hotmail.com,608-967-7194,B -
492,Thaddeus,Delhi,5 Washington St #1,95678,tankeny@ankeny.org,916-920-3571,B -
500,Chauncey,Jaipur,63 E Aurora Dr,32804,chauncey_motley@aol.com,407-413-4842,B -
3,Art,Chennai,8 W Cerritos Ave #54,8014,art@venere.org,856-636-8749,B +
11,Minna,Cochin,2371 Jerrold Ave,19443,minna_amigon@yahoo.com,215-874-1229,B +
19,Yuki,Noida,1 State Route 27,48180,yuki_whobrey@aol.com,313-288-7937,B +
27,Chanel,Meerut,86 Nw 66th St #8673,66218,chanel.caudy@caudy.org,913-388-2079,B +
35,Alishia,Dhanbad,2742 Distribution Way,10025,asergi@gmail.com,212-860-1579,B +
43,Roxane,Gwalior,1048 Main St,99708,roxane@hotmail.com,907-231-4722,B +
51,Brock,Delhi,4486 W O St #1,10003,bbolognia@yahoo.com,212-402-9216,B +
59,Delmy,Jaipur,65895 S 16th St,2909,delmy.ahle@hotmail.com,401-458-2547,B +
67,Penney,Visakhapatnam,18 Fountain St,99515,penney_weight@aol.com,907-797-9628,B +
75,Tamar,Faridabad,2737 Pistorio Rd #9230,43140,tamar@hotmail.com,740-343-8575,B +
83,Arlette,Aurangabad,11279 Loytan St,32254,ahoneywell@honeywell.com,904-775-4480,B +
91,Tammara,Jabalpur,4800 Black Horse Pike,94010,twardrip@cox.net,650-803-1936,B +
99,Lisha,Mumbai,64 5th Ave #1153,22102,lisha@centini.org,703-235-3937,B +
107,Twana,Pune,1 Commerce Way,97224,twana.felger@felger.org,503-939-3153,B +
115,Pamella,Bhopal,5161 Dorsett Rd,33030,pamella.schmierer@schmierer.org,305-420-8970,B +
123,Lindsey,Nashik,52777 Leaders Heights Rd,91761,lindsey.dilello@hotmail.com,909-639-9887,B +
131,Rolande,Srinagar,65 W Maple Ave,96782,rolande.spickerman@spickerman.com,808-315-3077,B +
139,Leatha,Coimbatore,627 Walford Ave,75227,lhagele@cox.net,214-339-1809,B +
147,Gearldine,Guwahati,4 Bloomfield Ave,75061,gearldine_gellinger@gellinger.com,972-934-6914,B +
155,Arminda,Surat,1 Huntwood Ave,85017,arminda@parvis.com,602-906-9419,B +
163,Larae,Thane,6651 Municipal Rd,70360,larae_gudroe@gmail.com,985-890-7262,B +
171,Jennifer,Agra,44 58th St,60090,jfallick@yahoo.com,847-979-9545,B +
179,Stephaine,Varanasi,3717 Hamann Industrial Pky,94104,stephaine@cox.net,415-767-6596,B +
187,Merilyn,Howrah,195 13n N,95054,merilyn_bayless@cox.net,408-758-5015,B +
195,Karan,Kota,3 Elmwood Dr,97005,karan_karpin@gmail.com,503-940-8327,B +
203,Ashlyn,Kolkata,703 Beville Rd,33054,apinilla@cox.net,305-670-9628,B +
211,Franklyn,Indore,4379 Highway 116,19103,femard@emard.com,215-558-8189,B +
219,Rima,Ludhiana,2972 Lafayette Ave,90248,rima@cox.net,310-858-5079,B +
227,Alaine,Solapur,7667 S Hulen St #42,10701,alaine_bergesen@cox.net,914-300-9193,B +
235,Salena,Ranchi,1 Garfield Ave #7,44707,skarpel@cox.net,330-791-8557,B +
243,Ceola,Raipur,96263 Greenwood Pl,4864,ceola.setter@setter.org,207-627-7565,B +
251,Rhea,Ahmedabad,25657 Live Oak St,11226,rhea_aredondo@cox.net,718-560-9537,B +
259,Martina,Nagpur,7 W Wabansia Ave #227,32822,martina_staback@staback.com,407-471-6908,B +
267,Johnna,Ghaziabad,5 S Colorado Blvd #449,98021,jengelberg@engelberg.org,425-986-7573,B +
275,Alecia,Salem,6535 Joyce St,76301,alecia@aol.com,940-276-7922,B +
283,Noah,Allahabad,1950 5th Ave,53209,noah.kalafatis@aol.com,414-263-5287,B +
291,Cathrine,Madurai,812 S Haven St,79109,cathrine.pontoriero@pontoriero.com,806-703-1435,B +
299,Felix,Hyderabad,7563 Cornwall Rd #4462,17517,felix_hirpara@cox.net,717-491-5643,B +
307,Goldie,Kanpur,34 Saint George Ave #2,4401,goldie.schirpke@yahoo.com,207-295-7569,B +
315,Lilli,Vadodara,33 State St,79601,lilli@aol.com,325-631-1560,B +
323,Lorean,Bhubaneshwar,85092 Southern Blvd,78204,lorean.martabano@hotmail.com,210-856-4979,B +
331,Aja,Trivendram,993 Washington Ave,7110,aja_gehrett@hotmail.com,973-544-2677,B +
339,Kaitlyn,Jodhpur,2 S Biscayne Blvd,21230,kaitlyn.ogg@gmail.com,410-665-4903,B +
347,Helene,Bangalore,347 Chestnut St,85381,helene@aol.com,623-461-8551,B +
355,Louvenia,Lucknow,598 43rd St,90210,louvenia.beech@beech.com,310-820-2117,B +
363,Maile,Patna,9 Plainsboro Rd #598,27409,mlinahan@yahoo.com,336-670-2640,B +
371,Sheron,Rajkot,97 E 3rd St #9,11101,sheron@aol.com,718-976-8610,B +
379,Cyril,Amritsar,3 Lawton St,10013,cyril_daufeldt@daufeldt.com,212-745-8484,B +
387,Gail,Vijayawada,735 Crawford Dr,99501,gail@kitty.com,907-435-9166,B +
395,Mireya,Chennai,8429 Miller Rd,10803,mireya.frerking@hotmail.com,914-868-5965,B +
403,Brett,Cochin,87895 Concord Rd,91942,brett.mccullan@mccullan.com,619-461-9984,B +
411,Mitzie,Noida,17 Jersey Ave,80110,mitzie_hudnall@yahoo.com,303-402-1940,B +
419,Merissa,Meerut,34 Raritan Center Pky,90706,merissa.tomblin@gmail.com,562-579-6900,B +
427,Hoa,Dhanbad,27846 Lafayette Ave,32759,hoa@sarao.org,386-526-7800,B +
435,Ahmed,Gwalior,2 W Beverly Blvd,17110,ahmed.angalich@angalich.com,717-528-8996,B +
443,Cecil,Delhi,4 Stovall St #72,7087,clapage@lapage.com,201-693-3967,B +
451,Lonny,Jaipur,51120 State Route 18,84115,lonny_weglarz@gmail.com,801-293-9853,B +
459,Daniela,Visakhapatnam,7 Flowers Rd #403,8611,dcomnick@cox.net,609-200-8577,B +
467,Vi,Faridabad,7163 W Clark Rd,7728,vrentfro@cox.net,732-605-4781,B +
475,Diane,Aurangabad,1953 Telegraph Rd,64504,diane@cox.net,816-557-9673,B +
483,Gilma,Jabalpur,16452 Greenwich St,11530,gilma_liukko@gmail.com,516-393-9967,B +
491,Carlee,Mumbai,8284 Hart St,67410,carlee.boulter@hotmail.com,785-347-1805,B +
499,Jani,Pune,61556 W 20th Ave,98104,jbiddy@yahoo.com,206-711-6498,B +
1,James,Mumbai,6649 N Blue Gum St,70116,jbutt@gmail.com,504-621-8927,O +
2,Josephine,Delhi,4 B Blue Ridge Blvd,48116,josephine_darakjy@darakjy.org,810-292-9388,O +
9,Sage,Pune,5 Boston Ave #88,57105,sage_wieser@cox.net,605-414-2147,O +
10,Kris,Jaipur,228 Runamuck Pl #2808,21224,kris@gmail.com,410-655-8723,O +
17,Meaghan,Bhopal,69734 E Carrillo St,37110,meaghan@hotmail.com,931-313-9635,O +
18,Gladys,Visakhapatnam,322 New Horizon Blvd,53207,gladys.rim@rim.org,414-661-9598,O +
25,Alisha,Nashik,3273 State St,8846,alisha@slusarski.com,732-658-3154,O +
26,Allene,Faridabad,1 Central Ave,54481,allene_iturbide@cox.net,715-662-6764,O +
33,Ernie,Srinagar,45 E Liberty St,7660,ernie_stenseth@aol.com,201-709-6245,O +
34,Albina,Aurangabad,4 Ralph Ct,8812,albina@glick.com,732-924-7882,O +
41,Youlanda,Coimbatore,2881 Lewis Rd,97754,youlanda@aol.com,541-548-8197,O +
42,Dyan,Jabalpur,7219 Woodfield Rd,66204,doldroyd@aol.com,913-413-4604,O +
49,Emerson,Guwahati,762 S Main St,53711,emerson.bowley@bowley.org,608-336-7444,O +
50,Blair,Mumbai,209 Decker Dr,19132,bmalet@yahoo.com,215-907-9111,O +
57,Amber,Surat,14288 Foster Ave #4121,19046,amber_monarrez@monarrez.org,215-934-8655,O +
58,Shenika,Pune,4 Otis St,91405,shenika@gmail.com,818-423-4007,O +
65,Maurine,Thane,59 Shady Ln #53,53214,maurine_yglesias@yglesias.com,414-748-1374,O +
66,Tawna,Bhopal,3305 Nabell Ave #679,10009,tawna@gmail.com,212-674-9610,O +
73,Bobbye,Agra,30 W 80th St #1995,94070,brhym@rhym.com,650-528-5783,O +
74,Micaela,Nashik,20932 Hedley St,94520,micaela_rhymes@gmail.com,925-647-3298,O +
81,Devorah,Varanasi,31 Douglas Blvd #950,88101,devorah@hotmail.com,505-975-8559,O +
82,Timothy,Srinagar,44 W 4th St,10309,timothy_mulqueen@mulqueen.org,718-332-6527,O +
89,Stephen,Howrah,3777 E Richmond St #900,44302,stephen_emigh@hotmail.com,330-537-5358,O +
90,Tyra,Coimbatore,3 Fort Worth Ave,19106,tshields@gmail.com,215-255-1641,O +
97,Malinda,Kota,55 Riverside Ave,46202,malinda.hochard@yahoo.com,317-722-5066,O +
98,Natalie,Guwahati,7140 University Ave,82901,natalie.fern@hotmail.com,307-704-8713,O +
105,Rosio,Kolkata,4 10th St W,27263,rosio.cork@gmail.com,336-243-5659,O +
106,Celeste,Surat,7 W Pinhook Rd,11563,ckorando@hotmail.com,516-509-2347,O +
113,Jesusa,Indore,2239 Shawnee Mission Pky,37388,jshin@shin.com,931-273-8709,O +
114,Rolland,Thane,2726 Charcot Ave,7501,rolland@cox.net,973-649-2922,O +
121,Ty,Ludhiana,4646 Kaahumanu St,7601,tsmith@aol.com,201-672-1553,O +
122,Xuan,Agra,2 Monroe St,94403,xuan@gmail.com,650-933-5072,O +
129,Lucina,Solapur,8597 W National Ave,32922,lucina_lary@cox.net,321-749-4981,O +
130,Bok,Varanasi,6 Gilson St,10468,bok.isaacs@aol.com,718-809-3762,O +
137,Marti,Ranchi,4 Warehouse Point Rd #7,60638,marti.maybury@yahoo.com,773-775-4522,O +
138,Nieves,Howrah,4940 Pulaski Park Dr,97202,nieves_gotter@gmail.com,503-527-5274,O +
145,Daren,Raipur,9 N College Ave #3,53216,dweirather@aol.com,414-959-2540,O +
146,Fernanda,Kota,60480 Old Us Highway 51,21655,fjillson@aol.com,410-387-5260,O +
153,Lezlie,Ahmedabad,749 W 18th St #45,27577,lezlie.craghead@craghead.org,919-533-3762,O +
154,Ozell,Kolkata,8 Industry Ln,10002,oshealy@hotmail.com,212-332-8435,O +
161,Chantell,Nagpur,2023 Greg St,55101,chantell@yahoo.com,651-591-2583,O +
162,Dierdre,Indore,63381 Jenks Ave,19134,dyum@yahoo.com,215-325-3042,O +
169,Novella,Ghaziabad,303 N Radcliffe St,96720,novella_degroot@degroot.org,808-477-4775,O +
170,Clay,Ludhiana,73 Saint Ann St #86,89502,choa@hoa.org,775-501-8109,O +
177,Joesph,Salem,2887 Knowlton St #5435,94710,joesph_degonia@degonia.org,510-677-9785,O +
178,Annabelle,Solapur,523 Marquette Ave,1742,annabelle.boord@cox.net,978-697-6263,O +
185,Benton,Allahabad,47939 Porter Ave,90248,benton.skursky@aol.com,310-579-2907,O +
186,Hillary,Ranchi,9 Wales Rd Ne #914,34448,hillary.skulski@aol.com,352-242-2570,O +
193,Melodie,Madurai,326 E Main St #6496,91362,mknipp@gmail.com,805-690-1682,O +
194,Candida,Raipur,406 Main St,8876,candida_corbley@hotmail.com,908-275-8357,O +
201,Barrett,Hyderabad,4252 N Washington Ave #9,76060,barrett.toyama@toyama.org,817-765-5781,O +
202,Helga,Ahmedabad,42754 S Ash Ave,14228,helga_fredicks@yahoo.com,716-752-4114,O +
209,Mozell,Kanpur,577 Parade St,94080,mpelkowski@pelkowski.org,650-947-1215,O +
210,Viola,Nagpur,70 Mechanic St,91325,viola@gmail.com,818-864-4875,O +
217,Freeman,Vadodara,383 Gunderman Rd #197,19320,freeman_gochal@aol.com,610-476-3501,O +
218,Vincent,Ghaziabad,4441 Point Term Mkt,19143,vincent.meinerding@hotmail.com,215-372-1718,O +
225,Virgina,Bhubaneshwar,755 Harbor Way,53226,virgina_tegarden@tegarden.com,414-214-8697,O +
226,Tiera,Salem,87 Sierra Rd,91731,tfrankel@aol.com,626-636-4117,O +
233,Chaya,Trivendram,560 Civic Center Dr,48103,chaya@malvin.com,734-928-5182,O +
234,Gwenn,Allahabad,3270 Dequindre Rd,11729,gwenn_suffield@suffield.org,631-258-6558,O +
241,Lashon,Jodhpur,433 Westminster Blvd #590,95661,lashon@aol.com,916-741-7884,O +
242,Lauran,Madurai,66697 Park Pl #3224,82501,lburnard@burnard.com,307-342-7795,O +
249,An,Bangalore,506 S Hacienda Dr,8401,an_fritz@hotmail.com,609-228-5265,O -
250,Portia,Hyderabad,3732 Sherman Ave,8807,portia.stimmel@aol.com,908-722-7128,O -
257,Deandrea,Lucknow,33 Lewis Rd #46,27215,deandrea@yahoo.com,336-822-7652,O -
258,Kimberlie,Kanpur,8100 Jacksonville Rd #7,67601,kimberlie_duenas@yahoo.com,785-629-8542,O -
265,Pamella,Patna,669 Packerland Dr #1438,80212,pamella@fortino.com,303-404-2210,O -
266,Harrison,Vadodara,759 Eldora St,6515,hhaufler@hotmail.com,203-801-6193,O -
273,Deonna,Rajkot,57 Haven Ave #90,48075,deonna_kippley@hotmail.com,248-913-4677,O -
274,Raymon,Bhubaneshwar,6538 E Pomona St #60,46222,raymon.calvaresi@gmail.com,317-825-4724,O -
281,Matthew,Amritsar,636 Commerce Dr #42,55379,mneither@yahoo.com,952-651-7597,O -
282,Theodora,Trivendram,42744 Hamann Industrial Pky #82,33136,theodora.restrepo@restrepo.com,305-936-8226,O -
289,Reena,Vijayawada,9648 S Main,21801,reena@hotmail.com,410-351-1863,O -
290,Mirta,Jodhpur,7 S San Marcos Rd,10004,mirta_mallett@gmail.com,212-870-1286,O -
297,Yvonne,Chennai,9 Waydell St,7004,yvonne.tjepkema@hotmail.com,973-714-1721,O -
298,Kayleigh,Bangalore,43 Huey P Long Ave,70508,kayleigh.lace@yahoo.com,337-740-9323,O -
305,Ligia,Cochin,206 Main St #2804,48933,lreiber@cox.net,517-906-1108,O -
306,Christiane,Lucknow,96541 W Central Blvd,85034,christiane.eschberger@yahoo.com,602-390-4944,O -
313,Cherry,Noida,40 9th Ave Sw #91,48329,cherry@lietz.com,248-980-6904,O -
314,Kattie,Patna,2845 Boulder Crescent St,44103,kattie@vonasek.org,216-923-3715,O -
321,Roosevelt,Meerut,60 Old Dover Rd,33014,roosevelt.hoffis@aol.com,305-622-4739,O -
322,Helaine,Rajkot,8 Sheridan Rd,7304,hhalter@yahoo.com,201-832-4168,O -
329,Leota,Dhanbad,99 5th Ave #33,30753,leota.ragel@gmail.com,706-221-4243,O -
330,Jutta,Amritsar,49 N Mays St,70518,jamyot@hotmail.com,337-515-1438,O -
337,Dulce,Gwalior,9581 E Arapahoe Rd,48307,dulce_labreche@yahoo.com,248-357-8718,O -
338,Kate,Vijayawada,33 N Michigan Ave,54301,kate_keneipp@yahoo.com,920-353-6377,O -
345,Lashaunda,Delhi,3387 Ryan Dr,21076,llizama@cox.net,410-678-2473,O -
346,Mariann,Chennai,3125 Packer Ave #9851,78753,mariann.bilden@aol.com,512-223-4791,O -
353,Shalon,Jaipur,61047 Mayfield Ave,11223,shalon@cox.net,718-232-2337,O -
354,Denise,Cochin,2139 Santa Rosa Ave,32801,denise@patak.org,407-446-4358,O -
361,Kasandra,Visakhapatnam,369 Latham St #500,63102,kasandra_semidey@semidey.com,314-732-9131,O -
362,Xochitl,Noida,3158 Runamuck Pl,78664,xdiscipio@gmail.com,512-233-1831,O -
369,Quentin,Faridabad,7061 N 2nd St,55337,qbirkner@aol.com,952-702-7993,O -
370,Regenia,Meerut,10759 Main St,85260,regenia.kannady@cox.net,480-726-1280,O -
377,Markus,Aurangabad,89 20th St E #779,48310,markus@yahoo.com,586-970-7380,O -
378,Jaclyn,Dhanbad,721 Interstate 45 S,80919,jaclyn@aol.com,719-853-3600,O -
385,Galen,Jabalpur,617 Nw 36th Ave,44142,galen@yahoo.com,216-600-6111,O -
386,Truman,Gwalior,539 Coldwater Canyon Ave,7003,tfeichtner@yahoo.com,973-852-2736,O -
393,Lenna,Mumbai,987 Main St,27601,lnewville@newville.com,919-623-2524,O -
394,Laurel,Delhi,36 Enterprise St Se,99352,laurel@yahoo.com,509-695-5199,O -
401,Cordelia,Pune,393 Hammond Dr,70506,cordelia_storment@aol.com,337-566-6001,O -
402,Mollie,Jaipur,8590 Lake Lizzie Dr,43402,mollie_mcdoniel@yahoo.com,419-975-3182,O -
409,Billye,Bhopal,36 Lancaster Dr Se,39208,billye_miro@cox.net,601-567-5386,O -
410,Glenna,Visakhapatnam,2759 Livingston Ave,38118,glenna_slayton@cox.net,901-640-9178,O -
417,Eden,Nashik,4 Iwaena St,21202,eden_jayson@yahoo.com,410-890-7866,O -
418,Lynelle,Faridabad,32820 Corkwood Rd,7104,lynelle_auber@gmail.com,973-860-8610,O -
425,Rikki,Srinagar,1644 Clove Rd,33155,rikki@nayar.com,305-968-9487,O -
426,Elke,Aurangabad,9 W Central Ave,85013,elke_sengbusch@yahoo.com,602-896-2993,O -
433,Clorinda,Coimbatore,105 Richmond Valley Rd,92025,clorinda.heimann@hotmail.com,760-291-5497,O -
434,Dick,Jabalpur,22 Spruce St #595,90248,dick@yahoo.com,310-510-9713,O -
441,Annmarie,Guwahati,80312 W 32nd St,77301,annmarie_castros@gmail.com,936-751-7961,O -
442,Shonda,Mumbai,82 Us Highway 46,7011,shonda_greenbush@cox.net,973-482-2430,O -
449,Adell,Surat,65 Mountain View Dr,7981,adell.lipkin@lipkin.com,973-654-1561,O -
450,Jacqueline,Pune,1 N San Saba,16501,jacqueline.rowling@yahoo.com,814-865-8113,O -
457,Sharika,Thane,75698 N Fiesta Blvd,32806,sharika.eanes@aol.com,407-312-1691,O -
458,Nu,Bhopal,88 Sw 28th Ter,7029,nu@gmail.com,973-751-9003,O -
465,Ruthann,Agra,3424 29th St Se,78028,ruthann@hotmail.com,830-258-2769,O -
466,Joni,Nashik,35 E Main St #43,60007,joni_breland@cox.net,847-519-5906,O -
473,Nickolas,Varanasi,177 S Rider Trl #52,34429,nickolas_juvera@cox.net,352-598-8301,O -
474,Gary,Srinagar,2 W Mount Royal Ave,46040,gary_nunlee@nunlee.org,317-542-6023,O -
481,Shawnda,Howrah,50126 N Plankinton Ave,32750,shawnda.yori@yahoo.com,407-538-5106,O -
482,Mona,Coimbatore,38773 Gravois Ave,82001,mdelasancha@hotmail.com,307-403-1488,O -
489,Catalina,Kota,3338 A Lockport Pl #6,8402,catalina@hotmail.com,609-373-3332,O -
490,Lawrence,Guwahati,9 Hwy,2906,lawrence.lorens@hotmail.com,401-465-6432,O -
497,Raylene,Kolkata,2 Sw Nyberg Rd,46514,rkampa@kampa.org,574-499-1454,O -
498,Flo,Surat,89992 E 15th St,69301,flo.bookamer@cox.net,308-726-2182,O -
