Reg No,name,City,address,zip,email,mobile no,blood group
318,Hermila,Agra,1 Rancho Del Mar Shopping C,2903,hermila_thyberg@hotmail.com,401-893-4882,AB -
6,Simona,Ahmedabad,3 Mcauley Dr,44805,simona@morasca.com,419-503-2484,AB -
398,Levi,Ahmedabad,2094 Ne 36th Ave,1603,levi.munis@gmail.com,508-456-4907,AB -
38,Rozella,Allahabad,17 Morena Blvd,93012,rozella.ostrosky@ostrosky.com,805-832-6163,AB -
430,Selma,Allahabad,9 State Highway 57 #22,7306,selma.husser@cox.net,201-991-8369,AB -
134,Thurman,Amritsar,9387 Charcot Ave,8201,thurman.manno@yahoo.com,609-524-3586,AB -
230,Ressie,Aurangabad,23 Palo Alto Sq,33134,ressie.auffrey@yahoo.com,305-604-8981,AB -
102,Louisa,Bangalore,524 Louisiana Ave Nw,94577,louisa@cronauer.com,510-828-7047,AB -
494,Alesia,Bangalore,9 Front St,20001,alesia_hixenbaugh@hixenbaugh.org,202-646-7516,AB -
262,Charlene,Bhopal,985 E 6th Ave,95407,charlene.hamilton@hotmail.com,707-300-1771,AB -
78,Delisa,Bhubaneshwar,47565 W Grand Ave,7105,delisa.crupi@crupi.com,973-354-2040,AB -
470,Ryan,Bhubaneshwar,13 Gunnison St,75075,ryan@cox.net,972-558-1665,AB -
150,Cheryl,Chennai,92 Main St,8401,cheryl@haroldson.org,609-518-7697,AB -
158,Lizette,Cochin,501 N 19th Ave,8002,lizette.stem@aol.com,856-487-5412,AB -
286,Junita,Coimbatore,94 W Dodge Rd,89701,junita@aol.com,775-638-9963,AB -
198,Belen,Delhi,5384 Southwyck Blvd,30135,belen_strassner@aol.com,770-507-8791,AB -
182,Carmela,Dhanbad,9 Murfreesboro Rd,60623,ccookey@cookey.org,773-494-4195,AB -
222,Cristy,Faridabad,3989 Portage Tr,92025,cristy@lother.com,760-971-4322,AB -
22,Veronika,Ghaziabad,6 Greenleaf Ave,95111,vinouye@aol.com,408-540-1785,AB -
414,Nichelle,Ghaziabad,72 Beechwood Ter,60657,nichelle_meteer@meteer.com,773-225-9985,AB -
294,Sarah,Guwahati,45 2nd Ave #9759,30328,sarah.candlish@gmail.com,770-732-1194,AB -
190,Georgene,Gwalior,98 University Dr,94583,gmontezuma@cox.net,925-615-5185,AB -
334,Winfred,Howrah,201 Ridgewood Rd,83843,winfred_brucato@hotmail.com,208-252-4552,AB -
54,Marjory,Hyderabad,71 San Mateo Ave,19087,mmastella@mastella.com,610-814-5533,AB -
446,Daniel,Hyderabad,11360 S Halsted St,92705,dperruzza@perruzza.com,714-771-3880,AB -
358,Vincenza,Indore,395 S 6th St #2,92020,vzepp@gmail.com,619-603-5125,AB -
238,Katina,Jabalpur,5 Little River Tpke,1887,katina_polidori@aol.com,978-626-2978,AB -
206,Marge,Jaipur,189 Village Park Rd,32536,marge@gmail.com,850-430-1663,AB -
94,Wilda,Jodhpur,1747 Calle Amanecer #2,99501,wilda@cox.net,907-870-5536,AB -
486,Loren,Jodhpur,6 Ridgewood Center Dr,18518,loren.asar@aol.com,570-648-3035,AB -
62,Jamal,Kanpur,53075 Sw 152nd Ter #615,8831,jamal@vanausdal.org,732-234-1546,AB -
454,Kenneth,Kanpur,2167 Sierra Rd,48823,kenneth.grenet@grenet.org,517-499-2322,AB -
350,Margart,Kolkata,868 State St #38,45251,margart_meisel@yahoo.com,513-617-2362,AB -
342,Ernest,Kota,94 Chase Rd,20785,ernest@cox.net,301-998-9644,AB -
110,Tiffiny,Lucknow,32860 Sierra Rd,33133,tiffiny_steffensmeier@cox.net,305-385-9695,AB -
366,Linn,Ludhiana,1 S Pine St,38112,linn_paa@paa.com,901-412-4381,AB -
46,Fatima,Madurai,2 Lighthouse Ave,55343,fsaylors@saylors.org,952-768-2416,AB -
438,Caprice,Madurai,90177 N 55th Ave,37211,caprice@aol.com,615-246-1824,AB -
174,Sylvia,Meerut,287 Youngstown Warren Rd,21074,sylvia_cousey@cousey.org,410-209-9545,AB -
246,Peggie,Mumbai,9 N 14th St,92020,peggie@cox.net,619-608-1763,AB -
14,Graciela,Nagpur,98 Connecticut Ave Nw,44023,gruta@cox.net,440-780-8425,AB -
406,Hubert,Nagpur,95 Main Ave #2,44203,hubert@walthall.org,330-903-1345,AB -
270,Jerry,Nashik,77 Massillon Rd #822,32937,jzurcher@zurcher.org,321-518-5938,AB -
166,Dorthy,Noida,9635 S Main St,83704,dhidvegi@yahoo.com,208-649-2373,AB -
118,Brandon,Patna,7 Benton Dr,96819,brandon_callaro@hotmail.com,808-215-6832,AB -
254,Heike,Pune,3 Railway Ave #75,7424,heike@gmail.com,973-936-5095,AB -
390,Lizbeth,Raipur,35433 Blake St #588,90248,lizbeth@yahoo.com,310-699-1222,AB -
126,Rory,Rajkot,83 County Road 437 #8581,18411,rpapasergi@cox.net,570-867-7489,AB -
382,Jennie,Ranchi,63728 Poway Rd #1,18509,jennie@cox.net,570-218-4831,AB -
30,Bernardo,Salem,386 9th Ave N,77301,bfigeroa@aol.com,936-336-3951,AB -
422,Virgie,Salem,76598 Rd  I 95 #1,80216,vkiel@hotmail.com,303-776-7548,AB -
374,Zona,Solapur,49440 Dearborn St,6854,zona@hotmail.com,203-461-1949,AB -
278,Terrilyn,Srinagar,3718 S Main St,70130,terrilyn.rodeigues@cox.net,504-463-4384,AB -
302,Jenelle,Surat,3211 E Northeast Loop,33619,jregusters@regusters.com,813-932-8715,AB -
310,Amie,Thane,596 Santa Maria Ave #7913,75150,amie.perigo@yahoo.com,972-419-7946,AB -
86,Myra,Trivendram,461 Prospect Pl #316,76040,mmunns@cox.net,817-914-7518,AB -
478,Rasheeda,Trivendram,251 Park Ave #979,95070,rasheeda@aol.com,408-805-4309,AB -
70,Vallie,Vadodara,74 W College St,83707,vmondella@mondella.com,208-862-5339,AB -
462,Nan,Vadodara,88827 Frankford Ave,27401,nan@koppinger.com,336-370-5333,AB -
326,Adelina,Varanasi,80 Pittsford Victor Rd #9,44103,adelina_nabours@gmail.com,216-230-4892,AB -
142,Sheridan,Vijayawada,2409 Alabama Rd,92501,sheridan.zane@zane.com,951-645-3605,AB -
214,Rebecka,Visakhapatnam,2026 N Plankinton Ave #3,78754,rgesick@gesick.org,512-213-8574,AB -
